<?xml version = '1.0' encoding = 'UTF-8'?>
<Table class="oracle.dbtools.crest.model.design.relational.Table" directorySegmentName="seg_0" id="01D59931-668F-098A-AC8E-2F0287DC84FB" name="cart_product">
<createdBy>Kuba</createdBy>
<createdTime>2021-10-21 14:57:15 UTC</createdTime>
<ownerDesignName>projekt</ownerDesignName>
<ordsAlias>table_7</ordsAlias>
<allowColumnReorder>false</allowColumnReorder>
<existDependencyGenerateInDDl>true</existDependencyGenerateInDDl>
<parsed>true</parsed>
<columns itemClass="oracle.dbtools.crest.model.design.relational.Column">
<Column name="cart_id" id="9D9C24D9-C033-5644-1EB1-E86E8A23EFE9">
<createdBy>Kuba</createdBy>
<createdTime>2021-10-21 15:01:09 UTC</createdTime>
<ownerDesignName>projekt</ownerDesignName>
<useDomainConstraints>false</useDomainConstraints>
<use>1</use>
<logicalDatatype>LOGDT019</logicalDatatype>
<dataTypePrecision>9</dataTypePrecision>
<ownDataTypeParameters>,,</ownDataTypeParameters>
<previousColumn>false</previousColumn>
<autoIncrementCycle>false</autoIncrementCycle>
<associations>
<colAssociation fkAssociation="0DD51140-2BA5-3CB6-0681-207F6DEC19AF" referredColumn="3E50EA64-AFBE-3924-5038-B65DC71C462B"/>
</associations>
</Column>
<Column name="product_id" id="2997B5F3-0DBE-3E48-9801-393F13D22178">
<createdBy>Kuba</createdBy>
<createdTime>2021-10-21 17:45:34 UTC</createdTime>
<ownerDesignName>projekt</ownerDesignName>
<useDomainConstraints>false</useDomainConstraints>
<use>1</use>
<logicalDatatype>LOGDT019</logicalDatatype>
<dataTypePrecision>9</dataTypePrecision>
<ownDataTypeParameters>,,</ownDataTypeParameters>
<previousColumn>false</previousColumn>
<autoIncrementCycle>false</autoIncrementCycle>
<associations>
<colAssociation fkAssociation="770AEB5B-387F-36B6-1231-84BA77D73E19" referredColumn="C0FE4067-EFA2-4083-6218-82C989CA9714"/>
</associations>
</Column>
<Column name="quantity" id="634A6C5F-3E3E-ED03-7A51-A2E45F1BAEE0">
<createdBy>Kuba</createdBy>
<createdTime>2021-10-21 15:00:52 UTC</createdTime>
<ownerDesignName>projekt</ownerDesignName>
<useDomainConstraints>false</useDomainConstraints>
<use>1</use>
<logicalDatatype>LOGDT019</logicalDatatype>
<dataTypePrecision>6</dataTypePrecision>
<ownDataTypeParameters>,6,</ownDataTypeParameters>
<autoIncrementCycle>false</autoIncrementCycle>
</Column>
</columns>
<indexes itemClass="oracle.dbtools.crest.model.design.relational.Index">
<ind_PK_UK id="413D1086-B4B4-226C-19E1-55CE121EC3F1" name="cart_product_PK">
<createdBy>Kuba</createdBy>
<createdTime>2021-10-21 15:00:52 UTC</createdTime>
<ownerDesignName>projekt</ownerDesignName>
<pk>true</pk>
<indexState>Primary Constraint</indexState>
<isSurrogateKey>false</isSurrogateKey>
<indexColumnUsage>
<colUsage columnID="2997B5F3-0DBE-3E48-9801-393F13D22178"/>
<colUsage columnID="9D9C24D9-C033-5644-1EB1-E86E8A23EFE9"/>
</indexColumnUsage>
</ind_PK_UK>
<ind_PK_UK id="E55F4164-D914-A747-6B25-05DFD02AE72A" name="cart_product_cart_FK">
<createdBy>Kuba</createdBy>
<createdTime>2021-10-21 15:01:09 UTC</createdTime>
<ownerDesignName>projekt</ownerDesignName>
<indexState>Foreign Key</indexState>
<isSurrogateKey>false</isSurrogateKey>
<indexColumnUsage>
<colUsage columnID="9D9C24D9-C033-5644-1EB1-E86E8A23EFE9"/>
</indexColumnUsage>
</ind_PK_UK>
<ind_PK_UK id="F99A08F1-6B68-7639-3A0A-5B7389EACD8D" name="cart_product_product_FK">
<createdBy>Kuba</createdBy>
<createdTime>2021-10-21 17:45:34 UTC</createdTime>
<ownerDesignName>projekt</ownerDesignName>
<indexState>Foreign Key</indexState>
<isSurrogateKey>false</isSurrogateKey>
<indexColumnUsage>
<colUsage columnID="2997B5F3-0DBE-3E48-9801-393F13D22178"/>
</indexColumnUsage>
</ind_PK_UK>
</indexes>
</Table>