<?xml version = '1.0' encoding = 'UTF-8'?>
<Table class="oracle.dbtools.crest.model.design.relational.Table" directorySegmentName="seg_0" id="0611A300-8FC2-3346-BBD6-D907623E7384" name="order_status">
<createdBy>Kuba</createdBy>
<createdTime>2021-10-21 19:09:11 UTC</createdTime>
<ownerDesignName>projekt</ownerDesignName>
<ordsAlias>table_13</ordsAlias>
<allowColumnReorder>false</allowColumnReorder>
<existDependencyGenerateInDDl>true</existDependencyGenerateInDDl>
<parsed>true</parsed>
<columns itemClass="oracle.dbtools.crest.model.design.relational.Column">
<Column name="id" id="BD22B7CF-DF94-16B6-F532-0DE1E91153B7">
<createdBy>Kuba</createdBy>
<createdTime>2021-10-21 19:09:42 UTC</createdTime>
<ownerDesignName>projekt</ownerDesignName>
<useDomainConstraints>false</useDomainConstraints>
<use>1</use>
<logicalDatatype>LOGDT019</logicalDatatype>
<dataTypePrecision>4</dataTypePrecision>
<ownDataTypeParameters>,4,</ownDataTypeParameters>
<autoIncrementCycle>false</autoIncrementCycle>
</Column>
<Column name="status" id="AC665F7E-3F30-E49A-FDF9-8FD42F72E03B">
<createdBy>Kuba</createdBy>
<createdTime>2021-10-21 19:09:42 UTC</createdTime>
<ownerDesignName>projekt</ownerDesignName>
<useDomainConstraints>false</useDomainConstraints>
<use>1</use>
<logicalDatatype>LOGDT024</logicalDatatype>
<dataTypeSize>45</dataTypeSize>
<ownDataTypeParameters>45,,</ownDataTypeParameters>
<autoIncrementCycle>false</autoIncrementCycle>
</Column>
</columns>
<indexes itemClass="oracle.dbtools.crest.model.design.relational.Index">
<ind_PK_UK id="2E32BD85-CFBD-FCEA-2FA3-34E69C192C13" name="cart_status_PK">
<createdBy>Kuba</createdBy>
<createdTime>2021-10-21 19:09:42 UTC</createdTime>
<ownerDesignName>projekt</ownerDesignName>
<pk>true</pk>
<indexState>Primary Constraint</indexState>
<isSurrogateKey>false</isSurrogateKey>
<indexColumnUsage>
<colUsage columnID="BD22B7CF-DF94-16B6-F532-0DE1E91153B7"/>
</indexColumnUsage>
</ind_PK_UK>
<ind_PK_UK id="E705B3F1-6C63-3977-6F7B-367DC9832EBF" name="order_status_status_UN">
<createdBy>student</createdBy>
<createdTime>2021-10-22 12:34:25 UTC</createdTime>
<ownerDesignName>projekt</ownerDesignName>
<indexState>Unique Constraint</indexState>
<isSurrogateKey>false</isSurrogateKey>
<indexColumnUsage>
<colUsage columnID="AC665F7E-3F30-E49A-FDF9-8FD42F72E03B"/>
</indexColumnUsage>
</ind_PK_UK>
</indexes>
</Table>