<?xml version = '1.0' encoding = 'UTF-8'?>
<Table class="oracle.dbtools.crest.model.design.relational.Table" directorySegmentName="seg_0" id="4116AA0C-EA44-C12B-4700-AFC33BBC59D6" name="info_cart">
<createdBy>student</createdBy>
<createdTime>2021-10-22 12:16:58 UTC</createdTime>
<ownerDesignName>projekt</ownerDesignName>
<ordsAlias>table_20</ordsAlias>
<allowColumnReorder>false</allowColumnReorder>
<existDependencyGenerateInDDl>true</existDependencyGenerateInDDl>
<parsed>true</parsed>
<columns itemClass="oracle.dbtools.crest.model.design.relational.Column">
<Column name="id" id="AE574B39-1C65-DB31-927A-47A0FD9BEEBA">
<createdBy>student</createdBy>
<createdTime>2021-10-22 12:18:12 UTC</createdTime>
<ownerDesignName>projekt</ownerDesignName>
<useDomainConstraints>false</useDomainConstraints>
<use>1</use>
<logicalDatatype>LOGDT019</logicalDatatype>
<dataTypePrecision>9</dataTypePrecision>
<ownDataTypeParameters>,9,</ownDataTypeParameters>
<autoIncrementCycle>false</autoIncrementCycle>
</Column>
<Column name="cart_id" id="D097376E-89EE-3191-6EF6-B7EACD095BE3">
<createdBy>student</createdBy>
<createdTime>2021-10-22 12:18:18 UTC</createdTime>
<ownerDesignName>projekt</ownerDesignName>
<useDomainConstraints>false</useDomainConstraints>
<use>1</use>
<logicalDatatype>LOGDT019</logicalDatatype>
<dataTypePrecision>9</dataTypePrecision>
<ownDataTypeParameters>,9,</ownDataTypeParameters>
<previousColumn>false</previousColumn>
<autoIncrementCycle>false</autoIncrementCycle>
<associations>
<colAssociation fkAssociation="DD1B0689-146B-5554-A127-5D989D8D4C21" referredColumn="3E50EA64-AFBE-3924-5038-B65DC71C462B"/>
</associations>
</Column>
<Column name="message_id" id="6FA96F76-A2F8-6E45-6AF2-47FCDBA78C40">
<createdBy>student</createdBy>
<createdTime>2021-10-22 12:18:41 UTC</createdTime>
<ownerDesignName>projekt</ownerDesignName>
<useDomainConstraints>false</useDomainConstraints>
<use>1</use>
<logicalDatatype>LOGDT019</logicalDatatype>
<dataTypePrecision>9</dataTypePrecision>
<ownDataTypeParameters>,9,</ownDataTypeParameters>
<previousColumn>false</previousColumn>
<autoIncrementCycle>false</autoIncrementCycle>
<associations>
<colAssociation fkAssociation="339DE5C6-071B-48A1-F2C5-11C6A980FE0F" referredColumn="6B7D86D2-0C69-38E3-3E46-C1B9403032A2"/>
</associations>
</Column>
</columns>
<indexes itemClass="oracle.dbtools.crest.model.design.relational.Index">
<ind_PK_UK id="30EE5AC1-0120-A88A-57C9-539832499D65" name="info_cart_PK">
<createdBy>student</createdBy>
<createdTime>2021-10-22 12:18:12 UTC</createdTime>
<ownerDesignName>projekt</ownerDesignName>
<pk>true</pk>
<indexState>Primary Constraint</indexState>
<isSurrogateKey>false</isSurrogateKey>
<indexColumnUsage>
<colUsage columnID="AE574B39-1C65-DB31-927A-47A0FD9BEEBA"/>
</indexColumnUsage>
</ind_PK_UK>
<ind_PK_UK id="59F8521A-6345-EA39-1C87-3101F4A9C0D5" name="info_cart_cart_FK">
<createdBy>student</createdBy>
<createdTime>2021-10-22 12:18:18 UTC</createdTime>
<ownerDesignName>projekt</ownerDesignName>
<indexState>Foreign Key</indexState>
<isSurrogateKey>false</isSurrogateKey>
<indexColumnUsage>
<colUsage columnID="D097376E-89EE-3191-6EF6-B7EACD095BE3"/>
</indexColumnUsage>
</ind_PK_UK>
<ind_PK_UK id="3099CF07-F99D-D755-8755-9423A32D2187" name="info_cart_message_FK">
<createdBy>student</createdBy>
<createdTime>2021-10-22 12:18:41 UTC</createdTime>
<ownerDesignName>projekt</ownerDesignName>
<indexState>Foreign Key</indexState>
<isSurrogateKey>false</isSurrogateKey>
<indexColumnUsage>
<colUsage columnID="6FA96F76-A2F8-6E45-6AF2-47FCDBA78C40"/>
</indexColumnUsage>
</ind_PK_UK>
</indexes>
</Table>