<?xml version = '1.0' encoding = 'UTF-8'?>
<Table class="oracle.dbtools.crest.model.design.relational.Table" directorySegmentName="seg_0" id="69D743A6-68D0-F7D8-B8A7-46DD8C7B9B3F" name="cart">
<createdBy>Kuba</createdBy>
<createdTime>2021-10-21 14:51:33 UTC</createdTime>
<ownerDesignName>projekt</ownerDesignName>
<ordsAlias>table_5</ordsAlias>
<allowColumnReorder>false</allowColumnReorder>
<existDependencyGenerateInDDl>true</existDependencyGenerateInDDl>
<parsed>true</parsed>
<columns itemClass="oracle.dbtools.crest.model.design.relational.Column">
<Column name="id" id="3E50EA64-AFBE-3924-5038-B65DC71C462B">
<createdBy>Kuba</createdBy>
<createdTime>2021-10-21 14:54:30 UTC</createdTime>
<ownerDesignName>projekt</ownerDesignName>
<useDomainConstraints>false</useDomainConstraints>
<use>1</use>
<logicalDatatype>LOGDT019</logicalDatatype>
<dataTypePrecision>9</dataTypePrecision>
<ownDataTypeParameters>,9,</ownDataTypeParameters>
<autoIncrementCycle>false</autoIncrementCycle>
</Column>
<Column name="total_amount" id="F92A5331-5930-A04E-0FCB-D820BE17886D">
<createdBy>student</createdBy>
<createdTime>2021-10-22 12:21:52 UTC</createdTime>
<ownerDesignName>projekt</ownerDesignName>
<useDomainConstraints>false</useDomainConstraints>
<use>1</use>
<logicalDatatype>LOGDT019</logicalDatatype>
<dataTypePrecision>6</dataTypePrecision>
<ownDataTypeParameters>,6,</ownDataTypeParameters>
<autoIncrementCycle>false</autoIncrementCycle>
</Column>
<Column name="date_time" id="AF203A12-15EA-D5B9-A0BA-B7A1FBD12036">
<createdBy>Kuba</createdBy>
<createdTime>2021-10-21 14:54:30 UTC</createdTime>
<ownerDesignName>projekt</ownerDesignName>
<useDomainConstraints>false</useDomainConstraints>
<use>1</use>
<logicalDatatype>LOGDT047</logicalDatatype>
<ownDataTypeParameters>,,</ownDataTypeParameters>
<autoIncrementCycle>false</autoIncrementCycle>
</Column>
<Column name="client_id" id="E9439FFF-F945-CE82-E0B4-0A5E3F5389A3">
<createdBy>Kuba</createdBy>
<createdTime>2021-10-21 14:54:58 UTC</createdTime>
<ownerDesignName>projekt</ownerDesignName>
<useDomainConstraints>false</useDomainConstraints>
<use>1</use>
<logicalDatatype>LOGDT019</logicalDatatype>
<dataTypePrecision>9</dataTypePrecision>
<ownDataTypeParameters>,9,</ownDataTypeParameters>
<previousColumn>false</previousColumn>
<autoIncrementCycle>false</autoIncrementCycle>
<associations>
<colAssociation fkAssociation="64EE6A31-CBBF-604C-CC7E-35ACEF6B61D2" referredColumn="6E70EB03-6AE8-DA93-531A-EE0CB01CEFFA"/>
</associations>
</Column>
<Column name="shop_id" id="DE728B33-8EBE-DDCA-4F6B-A94D804972E4">
<createdBy>Kuba</createdBy>
<createdTime>2021-10-21 14:56:07 UTC</createdTime>
<ownerDesignName>projekt</ownerDesignName>
<useDomainConstraints>false</useDomainConstraints>
<use>1</use>
<logicalDatatype>LOGDT019</logicalDatatype>
<dataTypePrecision>6</dataTypePrecision>
<ownDataTypeParameters>,6,</ownDataTypeParameters>
<previousColumn>false</previousColumn>
<autoIncrementCycle>false</autoIncrementCycle>
<associations>
<colAssociation fkAssociation="97D386F3-8BA5-E110-D759-9B5AFB8F4944" referredColumn="0883BF02-E330-0B75-6CF3-5C3C498B093E"/>
</associations>
</Column>
</columns>
<indexes itemClass="oracle.dbtools.crest.model.design.relational.Index">
<ind_PK_UK id="792BF3DB-7EFA-8075-2F87-03C6FEDD5B92" name="cart_PK">
<createdBy>Kuba</createdBy>
<createdTime>2021-10-21 14:54:30 UTC</createdTime>
<ownerDesignName>projekt</ownerDesignName>
<pk>true</pk>
<indexState>Primary Constraint</indexState>
<isSurrogateKey>false</isSurrogateKey>
<indexColumnUsage>
<colUsage columnID="3E50EA64-AFBE-3924-5038-B65DC71C462B"/>
</indexColumnUsage>
</ind_PK_UK>
<ind_PK_UK id="063AC28E-8327-D440-297F-23E6126FF59F" name="cart_client_FK">
<createdBy>Kuba</createdBy>
<createdTime>2021-10-21 14:54:58 UTC</createdTime>
<ownerDesignName>projekt</ownerDesignName>
<indexState>Foreign Key</indexState>
<isSurrogateKey>false</isSurrogateKey>
<indexColumnUsage>
<colUsage columnID="E9439FFF-F945-CE82-E0B4-0A5E3F5389A3"/>
</indexColumnUsage>
</ind_PK_UK>
<ind_PK_UK id="3AD7E776-324A-3958-A3D4-2B0A1E79419E" name="cart_shop_FK">
<createdBy>Kuba</createdBy>
<createdTime>2021-10-21 14:56:07 UTC</createdTime>
<ownerDesignName>projekt</ownerDesignName>
<indexState>Foreign Key</indexState>
<isSurrogateKey>false</isSurrogateKey>
<indexColumnUsage>
<colUsage columnID="DE728B33-8EBE-DDCA-4F6B-A94D804972E4"/>
</indexColumnUsage>
</ind_PK_UK>
</indexes>
</Table>