<?xml version = '1.0' encoding = 'UTF-8'?>
<Table class="oracle.dbtools.crest.model.design.relational.Table" directorySegmentName="seg_0" id="9D583520-EBE3-D24C-9E62-D9385CD4C468" name="shop">
<createdBy>Kuba</createdBy>
<createdTime>2021-10-21 14:50:08 UTC</createdTime>
<ownerDesignName>projekt</ownerDesignName>
<ordsAlias>table_4</ordsAlias>
<allowColumnReorder>false</allowColumnReorder>
<existDependencyGenerateInDDl>true</existDependencyGenerateInDDl>
<parsed>true</parsed>
<columns itemClass="oracle.dbtools.crest.model.design.relational.Column">
<Column name="id" id="0883BF02-E330-0B75-6CF3-5C3C498B093E">
<createdBy>Kuba</createdBy>
<createdTime>2021-10-21 14:50:40 UTC</createdTime>
<ownerDesignName>projekt</ownerDesignName>
<useDomainConstraints>false</useDomainConstraints>
<use>1</use>
<logicalDatatype>LOGDT019</logicalDatatype>
<dataTypePrecision>6</dataTypePrecision>
<ownDataTypeParameters>,6,</ownDataTypeParameters>
<autoIncrementCycle>false</autoIncrementCycle>
</Column>
<Column name="name" id="49982743-4E48-9F9B-C2FB-397573D759EA">
<createdBy>Kuba</createdBy>
<createdTime>2021-10-21 14:50:40 UTC</createdTime>
<ownerDesignName>projekt</ownerDesignName>
<useDomainConstraints>false</useDomainConstraints>
<use>1</use>
<logicalDatatype>LOGDT024</logicalDatatype>
<dataTypeSize>45</dataTypeSize>
<ownDataTypeParameters>45,,</ownDataTypeParameters>
<autoIncrementCycle>false</autoIncrementCycle>
</Column>
</columns>
<indexes itemClass="oracle.dbtools.crest.model.design.relational.Index">
<ind_PK_UK id="B939D92C-7E3C-B93F-2E46-F6FA5D6351AE" name="shop_PK">
<createdBy>Kuba</createdBy>
<createdTime>2021-10-21 14:50:40 UTC</createdTime>
<ownerDesignName>projekt</ownerDesignName>
<pk>true</pk>
<indexState>Primary Constraint</indexState>
<isSurrogateKey>false</isSurrogateKey>
<indexColumnUsage>
<colUsage columnID="0883BF02-E330-0B75-6CF3-5C3C498B093E"/>
</indexColumnUsage>
</ind_PK_UK>
<ind_PK_UK id="DFCE4FAD-A0AE-9C9C-2545-69DAFC1BD22F" name="shop_name_UN">
<createdBy>Kuba</createdBy>
<createdTime>2021-10-28 13:58:31 UTC</createdTime>
<ownerDesignName>projekt</ownerDesignName>
<indexState>Unique Constraint</indexState>
<isSurrogateKey>false</isSurrogateKey>
<indexColumnUsage>
<colUsage columnID="49982743-4E48-9F9B-C2FB-397573D759EA"/>
</indexColumnUsage>
</ind_PK_UK>
</indexes>
</Table>