<?xml version = '1.0' encoding = 'UTF-8'?>
<Table class="oracle.dbtools.crest.model.design.relational.Table" directorySegmentName="seg_0" id="D8DF79AE-B3CC-7779-9919-FFD67C8EE1F7" name="product">
<createdBy>Kuba</createdBy>
<createdTime>2021-10-21 14:46:44 UTC</createdTime>
<ownerDesignName>projekt</ownerDesignName>
<ordsAlias>table_3</ordsAlias>
<allowColumnReorder>false</allowColumnReorder>
<existDependencyGenerateInDDl>true</existDependencyGenerateInDDl>
<parsed>true</parsed>
<columns itemClass="oracle.dbtools.crest.model.design.relational.Column">
<Column name="id" id="C0FE4067-EFA2-4083-6218-82C989CA9714">
<createdBy>Kuba</createdBy>
<createdTime>2021-10-21 14:49:44 UTC</createdTime>
<ownerDesignName>projekt</ownerDesignName>
<useDomainConstraints>false</useDomainConstraints>
<use>1</use>
<logicalDatatype>LOGDT019</logicalDatatype>
<dataTypePrecision>9</dataTypePrecision>
<ownDataTypeParameters>,9,</ownDataTypeParameters>
<autoIncrementCycle>false</autoIncrementCycle>
</Column>
<Column name="name" id="EC3BA01A-8DDA-3B5D-B6F1-93ADCD392498">
<createdBy>Kuba</createdBy>
<createdTime>2021-10-21 14:49:44 UTC</createdTime>
<ownerDesignName>projekt</ownerDesignName>
<useDomainConstraints>false</useDomainConstraints>
<use>1</use>
<logicalDatatype>LOGDT024</logicalDatatype>
<dataTypeSize>45</dataTypeSize>
<ownDataTypeParameters>45,,</ownDataTypeParameters>
<autoIncrementCycle>false</autoIncrementCycle>
</Column>
<Column name="category_id" id="27A45E1D-9340-BC54-8C4E-4591EDB800B2">
<createdBy>Kuba</createdBy>
<createdTime>2021-10-21 15:33:00 UTC</createdTime>
<ownerDesignName>projekt</ownerDesignName>
<useDomainConstraints>false</useDomainConstraints>
<use>1</use>
<logicalDatatype>LOGDT019</logicalDatatype>
<dataTypePrecision>6</dataTypePrecision>
<ownDataTypeParameters>,6,</ownDataTypeParameters>
<previousColumn>false</previousColumn>
<autoIncrementCycle>false</autoIncrementCycle>
<associations>
<colAssociation fkAssociation="C35646A4-AF13-DB68-6616-B958CFA810C5" referredColumn="900A672B-56FE-114A-7C37-221D53B61CA6"/>
</associations>
</Column>
</columns>
<indexes itemClass="oracle.dbtools.crest.model.design.relational.Index">
<ind_PK_UK id="E6138101-8285-0478-7292-35B468270196" name="product_PK">
<createdBy>Kuba</createdBy>
<createdTime>2021-10-21 14:49:44 UTC</createdTime>
<ownerDesignName>projekt</ownerDesignName>
<pk>true</pk>
<indexState>Primary Constraint</indexState>
<isSurrogateKey>false</isSurrogateKey>
<indexColumnUsage>
<colUsage columnID="C0FE4067-EFA2-4083-6218-82C989CA9714"/>
</indexColumnUsage>
</ind_PK_UK>
<ind_PK_UK id="D0AF32B8-6A14-9F55-4DD6-64CF6BBE24D1" name="product_category_FK">
<createdBy>Kuba</createdBy>
<createdTime>2021-10-21 15:33:00 UTC</createdTime>
<ownerDesignName>projekt</ownerDesignName>
<indexState>Foreign Key</indexState>
<isSurrogateKey>false</isSurrogateKey>
<indexColumnUsage>
<colUsage columnID="27A45E1D-9340-BC54-8C4E-4591EDB800B2"/>
</indexColumnUsage>
</ind_PK_UK>
</indexes>
</Table>