<?xml version = '1.0' encoding = 'UTF-8'?>
<FKIndexAssociation class="oracle.dbtools.crest.model.design.relational.FKIndexAssociation" directorySegmentName="seg_0" id="339DE5C6-071B-48A1-F2C5-11C6A980FE0F" containerWithKeyObject="4116AA0C-EA44-C12B-4700-AFC33BBC59D6" localFKIndex="3099CF07-F99D-D755-8755-9423A32D2187" name="info_cart_message_FK">
<createdBy>student</createdBy>
<createdTime>2021-10-22 12:18:41 UTC</createdTime>
<ownerDesignName>projekt</ownerDesignName>
<referredTableLongName>message</referredTableLongName>
<deleteRule>CASCADE</deleteRule>
<referredTableID>D83ED2DE-664C-E3D2-0734-2344DF0C72F0</referredTableID>
<keyObject>CC096E58-1A22-6F19-02EE-0846F2BA4C3E</keyObject>
<referredKeyID>CC096E58-1A22-6F19-02EE-0846F2BA4C3E</referredKeyID>
<mandatory>true</mandatory>
<refColNames>id</refColNames>
<transferable>true</transferable>
<rely>false</rely>
<columnDependencyConstraintGenerateInDDL>true</columnDependencyConstraintGenerateInDDL>
</FKIndexAssociation>