<?xml version = '1.0' encoding = 'UTF-8'?>
<FKIndexAssociation class="oracle.dbtools.crest.model.design.relational.FKIndexAssociation" directorySegmentName="seg_0" id="4F063750-CD2D-0F5F-4424-282DBBD9E4DD" containerWithKeyObject="3248C589-077F-64A3-48F0-3ED490AE7EA0" localFKIndex="C1A0F80E-B1A0-F4C1-89A8-817B02C108FA" name="info_media_review_cart_FK">
<createdBy>student</createdBy>
<createdTime>2021-10-22 13:10:51 UTC</createdTime>
<ownerDesignName>projekt</ownerDesignName>
<referredTableLongName>review_cart</referredTableLongName>
<deleteRule>CASCADE</deleteRule>
<referredTableID>22B84F40-9B4C-D6A3-7160-3DD760E6F5A8</referredTableID>
<keyObject>8AD19CCF-EC77-338F-5833-ECC343902769</keyObject>
<referredKeyID>8AD19CCF-EC77-338F-5833-ECC343902769</referredKeyID>
<mandatory>true</mandatory>
<refColNames>id</refColNames>
<transferable>true</transferable>
<rely>false</rely>
<columnDependencyConstraintGenerateInDDL>true</columnDependencyConstraintGenerateInDDL>
</FKIndexAssociation>