<?xml version = '1.0' encoding = 'UTF-8'?>
<FKIndexAssociation class="oracle.dbtools.crest.model.design.relational.FKIndexAssociation" directorySegmentName="seg_0" id="64EE6A31-CBBF-604C-CC7E-35ACEF6B61D2" containerWithKeyObject="69D743A6-68D0-F7D8-B8A7-46DD8C7B9B3F" localFKIndex="063AC28E-8327-D440-297F-23E6126FF59F" name="cart_client_FK">
<createdBy>Kuba</createdBy>
<createdTime>2021-10-21 14:54:58 UTC</createdTime>
<ownerDesignName>projekt</ownerDesignName>
<referredTableLongName>client</referredTableLongName>
<deleteRule>CASCADE</deleteRule>
<referredTableID>1D04E362-88E3-731E-2637-9E8E6C200925</referredTableID>
<keyObject>86DFBF06-2F84-DA2E-4702-DB749771FF75</keyObject>
<referredKeyID>86DFBF06-2F84-DA2E-4702-DB749771FF75</referredKeyID>
<mandatory>true</mandatory>
<refColNames>id</refColNames>
<transferable>true</transferable>
<rely>false</rely>
<columnDependencyConstraintGenerateInDDL>true</columnDependencyConstraintGenerateInDDL>
</FKIndexAssociation>