<?xml version = '1.0' encoding = 'UTF-8'?>
<FKIndexAssociation class="oracle.dbtools.crest.model.design.relational.FKIndexAssociation" directorySegmentName="seg_0" id="6ECABB79-0B7C-72BC-0F17-DB5113B4922D" containerWithKeyObject="A0690E3B-5416-C3E5-ACAC-B39A30303C8D" localFKIndex="A47FE2E5-C102-1C5E-C9DD-62D16A3F9DC7" name="order_order_status_FK">
<createdBy>student</createdBy>
<createdTime>2021-10-22 12:34:11 UTC</createdTime>
<ownerDesignName>projekt</ownerDesignName>
<referredTableLongName>order_status</referredTableLongName>
<deleteRule>NO ACTION</deleteRule>
<referredTableID>0611A300-8FC2-3346-BBD6-D907623E7384</referredTableID>
<keyObject>2E32BD85-CFBD-FCEA-2FA3-34E69C192C13</keyObject>
<referredKeyID>2E32BD85-CFBD-FCEA-2FA3-34E69C192C13</referredKeyID>
<mandatory>true</mandatory>
<refColNames>id</refColNames>
<transferable>true</transferable>
<rely>false</rely>
<columnDependencyConstraintGenerateInDDL>true</columnDependencyConstraintGenerateInDDL>
</FKIndexAssociation>