<?xml version = '1.0' encoding = 'UTF-8'?>
<FKIndexAssociation class="oracle.dbtools.crest.model.design.relational.FKIndexAssociation" directorySegmentName="seg_0" id="97415B39-17DD-F954-6311-D39820FB9C1A" containerWithKeyObject="EB5CBF56-5B6C-CA64-DA43-F648F6AD3560" localFKIndex="9A4E7CCB-B11B-FD61-FD35-7DCDC6D163C7" name="premium_account_client_FK">
<createdBy>student</createdBy>
<createdTime>2021-10-22 12:27:03 UTC</createdTime>
<ownerDesignName>projekt</ownerDesignName>
<referredTableLongName>client</referredTableLongName>
<deleteRule>CASCADE</deleteRule>
<referredTableID>1D04E362-88E3-731E-2637-9E8E6C200925</referredTableID>
<keyObject>86DFBF06-2F84-DA2E-4702-DB749771FF75</keyObject>
<referredKeyID>86DFBF06-2F84-DA2E-4702-DB749771FF75</referredKeyID>
<mandatory>true</mandatory>
<refColNames>id</refColNames>
<transferable>true</transferable>
<rely>false</rely>
<columnDependencyConstraintGenerateInDDL>true</columnDependencyConstraintGenerateInDDL>
</FKIndexAssociation>